index,rep,lambda,eta,r,RMSE
0,1.0,0.011,0.001,2.0,1.019593147946325
1,1.0,0.0099,0.001,2.0,1.0225510961579043
2,2.0,0.011,0.001,2.0,1.0432859590738848
3,2.0,0.0099,0.001,2.0,1.0274044871910493
4,3.0,0.011,0.001,2.0,1.0448609332677232
5,3.0,0.0099,0.001,2.0,1.0396458656756735
6,4.0,0.011,0.001,2.0,1.0322027742424138
7,4.0,0.0099,0.001,2.0,1.0305375201981206
8,5.0,0.011,0.001,2.0,1.0156773012176414
9,5.0,0.0099,0.001,2.0,1.0265435265779783
10,6.0,0.011,0.001,2.0,1.037246181094231
11,6.0,0.0099,0.001,2.0,1.0251169455822293
12,7.0,0.011,0.001,2.0,1.0466817403412798
13,7.0,0.0099,0.001,2.0,1.0369271477324629
14,8.0,0.011,0.001,2.0,1.0561343444465823
15,8.0,0.0099,0.001,2.0,1.0339735870149858
16,9.0,0.011,0.001,2.0,1.0333679428188782
17,9.0,0.0099,0.001,2.0,1.0500330173762031
18,10.0,0.011,0.001,2.0,1.0168789539902403
19,10.0,0.0099,0.001,2.0,1.0083768169189793
20,11.0,0.011,0.001,2.0,1.0276051538681987
21,11.0,0.0099,0.001,2.0,1.039146629622671
22,12.0,0.011,0.001,2.0,1.0396404253212248
23,12.0,0.0099,0.001,2.0,1.043976617703379
24,13.0,0.011,0.001,2.0,1.0412766610454829
25,13.0,0.0099,0.001,2.0,1.036637033579074
26,14.0,0.011,0.001,2.0,1.04401851413945
27,14.0,0.0099,0.001,2.0,1.041558973075357
28,15.0,0.011,0.001,2.0,1.0181320785291734
29,15.0,0.0099,0.001,2.0,1.050707568614228
30,16.0,0.011,0.001,2.0,1.0274226922991485
31,16.0,0.0099,0.001,2.0,1.0250433156888135
32,17.0,0.011,0.001,2.0,1.0292899278399097
33,17.0,0.0099,0.001,2.0,1.0130213434533535
34,18.0,0.011,0.001,2.0,1.0567679367868625
35,18.0,0.0099,0.001,2.0,1.0360985144355304
36,19.0,0.011,0.001,2.0,1.0138599120185663
37,19.0,0.0099,0.001,2.0,1.0337249796455574
38,20.0,0.011,0.001,2.0,1.0313418072839404
39,20.0,0.0099,0.001,2.0,1.040603288034707
40,1.0,0.011,0.004,2.0,1.0231181562093072
41,1.0,0.0099,0.004,2.0,1.0290596541740025
42,2.0,0.011,0.004,2.0,1.0105021396056102
43,2.0,0.0099,0.004,2.0,0.9872518819407542
44,3.0,0.011,0.004,2.0,1.018050244776493
45,3.0,0.0099,0.004,2.0,1.024208172912132
46,4.0,0.011,0.004,2.0,0.9725872007012344
47,4.0,0.0099,0.004,2.0,0.9755737098994555
48,5.0,0.011,0.004,2.0,0.9556560350142399
49,5.0,0.0099,0.004,2.0,1.024721477445693
50,6.0,0.011,0.004,2.0,0.9976544037188915
51,6.0,0.0099,0.004,2.0,1.0072105663965523
52,7.0,0.011,0.004,2.0,1.014587921823148
53,7.0,0.0099,0.004,2.0,0.9895684678302484
54,8.0,0.011,0.004,2.0,1.0204274639346138
55,8.0,0.0099,0.004,2.0,0.977726472614023
56,9.0,0.011,0.004,2.0,0.9898348204514293
57,9.0,0.0099,0.004,2.0,1.0452922771287072
58,10.0,0.011,0.004,2.0,0.989923424056347
59,10.0,0.0099,0.004,2.0,0.9732866997182111
60,11.0,0.011,0.004,2.0,1.0057777885548795
61,11.0,0.0099,0.004,2.0,0.9924049333680269
62,12.0,0.011,0.004,2.0,1.0417210218665804
63,12.0,0.0099,0.004,2.0,1.0089004251028768
64,13.0,0.011,0.004,2.0,0.9901649939173398
65,13.0,0.0099,0.004,2.0,1.0028105191854146
66,14.0,0.011,0.004,2.0,1.0193125177552163
67,14.0,0.0099,0.004,2.0,0.9858430499199416
68,15.0,0.011,0.004,2.0,0.9847524089782916
69,15.0,0.0099,0.004,2.0,0.9914550189149522
70,16.0,0.011,0.004,2.0,1.0147195285206523
71,16.0,0.0099,0.004,2.0,1.0094781111816375
72,17.0,0.011,0.004,2.0,1.0152384442908169
73,17.0,0.0099,0.004,2.0,1.0375251779719472
74,18.0,0.011,0.004,2.0,1.05170478797515
75,18.0,0.0099,0.004,2.0,0.96948193393173
76,19.0,0.011,0.004,2.0,1.032483706311939
77,19.0,0.0099,0.004,2.0,0.9830902792311806
78,20.0,0.011,0.004,2.0,0.9980720638088278
79,20.0,0.0099,0.004,2.0,1.015661546884876
80,1.0,0.011,0.007,2.0,1.043832759531863
81,1.0,0.0099,0.007,2.0,0.9527713407257262
82,2.0,0.011,0.007,2.0,0.9526313305287732
83,2.0,0.0099,0.007,2.0,0.9485855098422122
84,3.0,0.011,0.007,2.0,1.0210614147543833
85,3.0,0.0099,0.007,2.0,0.9522237590700652
86,4.0,0.011,0.007,2.0,0.9848798844679321
87,4.0,0.0099,0.007,2.0,1.001635427918108
88,5.0,0.011,0.007,2.0,1.031022293261209
89,5.0,0.0099,0.007,2.0,0.9884871009382042
90,6.0,0.011,0.007,2.0,0.9787059873267947
91,6.0,0.0099,0.007,2.0,1.0124888108295154
92,7.0,0.011,0.007,2.0,0.9736084551416694
93,7.0,0.0099,0.007,2.0,0.9822366677188685
94,8.0,0.011,0.007,2.0,0.9895137982537834
95,8.0,0.0099,0.007,2.0,0.9767599359639131
96,9.0,0.011,0.007,2.0,0.942291623675776
97,9.0,0.0099,0.007,2.0,1.0039618908550345
98,10.0,0.011,0.007,2.0,0.9701255295980485
99,10.0,0.0099,0.007,2.0,0.9436084300166717
100,11.0,0.011,0.007,2.0,0.9482956376614403
101,11.0,0.0099,0.007,2.0,1.0483757680525194
102,12.0,0.011,0.007,2.0,0.9837533861572763
103,12.0,0.0099,0.007,2.0,1.0032714615891594
104,13.0,0.011,0.007,2.0,0.9889440346426144
105,13.0,0.0099,0.007,2.0,0.9336627108576852
106,14.0,0.011,0.007,2.0,0.9767855183646219
107,14.0,0.0099,0.007,2.0,0.9996147580317464
108,15.0,0.011,0.007,2.0,0.9653220824395031
109,15.0,0.0099,0.007,2.0,0.9698641928067626
110,16.0,0.011,0.007,2.0,0.9535876419609283
111,16.0,0.0099,0.007,2.0,0.988895274876782
112,17.0,0.011,0.007,2.0,0.9728139093909912
113,17.0,0.0099,0.007,2.0,0.9713079317002729
114,18.0,0.011,0.007,2.0,1.038695722097165
115,18.0,0.0099,0.007,2.0,1.0114478226380865
116,19.0,0.011,0.007,2.0,0.9734454219983316
117,19.0,0.0099,0.007,2.0,0.9821583761534343
118,20.0,0.011,0.007,2.0,0.9917581650911074
119,20.0,0.0099,0.007,2.0,0.9530763264769512
120,1.0,0.011,0.001,4.0,1.0329978062908591
121,1.0,0.0099,0.001,4.0,1.0354965157426825
122,2.0,0.011,0.001,4.0,1.0259891388098235
123,2.0,0.0099,0.001,4.0,1.0177064250187482
124,3.0,0.011,0.001,4.0,1.0379716004112085
125,3.0,0.0099,0.001,4.0,1.037135203246419
126,4.0,0.011,0.001,4.0,1.0152242769789934
127,4.0,0.0099,0.001,4.0,1.0343158334512483
128,5.0,0.011,0.001,4.0,1.0344527133657793
129,5.0,0.0099,0.001,4.0,1.0314357962336493
130,6.0,0.011,0.001,4.0,1.0298934879514152
131,6.0,0.0099,0.001,4.0,1.0300126180236706
132,7.0,0.011,0.001,4.0,1.0224091093357535
133,7.0,0.0099,0.001,4.0,1.0448988304510003
134,8.0,0.011,0.001,4.0,1.044202829086877
135,8.0,0.0099,0.001,4.0,1.0350310028994532
136,9.0,0.011,0.001,4.0,1.0310578134863335
137,9.0,0.0099,0.001,4.0,1.0416018424212554
138,10.0,0.011,0.001,4.0,1.0432160105132313
139,10.0,0.0099,0.001,4.0,1.0366755668301204
140,11.0,0.011,0.001,4.0,1.0450705415272674
141,11.0,0.0099,0.001,4.0,1.041883241888147
142,12.0,0.011,0.001,4.0,1.0517653022532418
143,12.0,0.0099,0.001,4.0,1.0220396248764188
144,13.0,0.011,0.001,4.0,1.0374693138362159
145,13.0,0.0099,0.001,4.0,1.0451321218328318
146,14.0,0.011,0.001,4.0,1.0166826591168043
147,14.0,0.0099,0.001,4.0,1.0340992042429484
148,15.0,0.011,0.001,4.0,1.0260776232799371
149,15.0,0.0099,0.001,4.0,1.0227330570167925
150,16.0,0.011,0.001,4.0,1.0502343782067496
151,16.0,0.0099,0.001,4.0,1.053601920045046
152,17.0,0.011,0.001,4.0,1.0124037070175478
153,17.0,0.0099,0.001,4.0,1.037549097878962
154,18.0,0.011,0.001,4.0,1.0397089807302056
155,18.0,0.0099,0.001,4.0,1.016776063132652
156,19.0,0.011,0.001,4.0,1.0222858559892511
157,19.0,0.0099,0.001,4.0,1.0533437298222181
158,20.0,0.011,0.001,4.0,1.0361339149760227
159,20.0,0.0099,0.001,4.0,1.0391871428309065
160,1.0,0.011,0.004,4.0,1.021005676352943
161,1.0,0.0099,0.004,4.0,0.9690855718401669
162,2.0,0.011,0.004,4.0,1.0413497279434352
163,2.0,0.0099,0.004,4.0,1.015907470989209
164,3.0,0.011,0.004,4.0,1.009922894117068
165,3.0,0.0099,0.004,4.0,1.0332565411986847
166,4.0,0.011,0.004,4.0,0.9791734759556396
167,4.0,0.0099,0.004,4.0,0.9969477268897434
168,5.0,0.011,0.004,4.0,0.9965265672906168
169,5.0,0.0099,0.004,4.0,1.0413323601284885
170,6.0,0.011,0.004,4.0,0.9875917625506807
171,6.0,0.0099,0.004,4.0,1.0017239163433536
172,7.0,0.011,0.004,4.0,1.0131246635053972
173,7.0,0.0099,0.004,4.0,1.0043180672081475
174,8.0,0.011,0.004,4.0,0.9975990596423617
175,8.0,0.0099,0.004,4.0,0.9797779117725453
176,9.0,0.011,0.004,4.0,1.0298883798620786
177,9.0,0.0099,0.004,4.0,1.0203432116670712
178,10.0,0.011,0.004,4.0,0.99200456192552
179,10.0,0.0099,0.004,4.0,1.0102888939317927
180,11.0,0.011,0.004,4.0,0.9798119156410071
181,11.0,0.0099,0.004,4.0,0.986205895279451
182,12.0,0.011,0.004,4.0,1.0010573699277432
183,12.0,0.0099,0.004,4.0,1.0270598583596797
184,13.0,0.011,0.004,4.0,0.9918859969601898
185,13.0,0.0099,0.004,4.0,0.971811812277363
186,14.0,0.011,0.004,4.0,0.9863265456286789
187,14.0,0.0099,0.004,4.0,1.0453074031719936
188,15.0,0.011,0.004,4.0,0.9756344902823809
189,15.0,0.0099,0.004,4.0,1.0176719871821693
190,16.0,0.011,0.004,4.0,1.000318926808837
191,16.0,0.0099,0.004,4.0,1.0127539716942378
192,17.0,0.011,0.004,4.0,1.023189109344385
193,17.0,0.0099,0.004,4.0,1.0084723564880833
194,18.0,0.011,0.004,4.0,1.0218553159802435
195,18.0,0.0099,0.004,4.0,1.0021833928119137
196,19.0,0.011,0.004,4.0,1.023765935868732
197,19.0,0.0099,0.004,4.0,0.973412576175555
198,20.0,0.011,0.004,4.0,1.02712131489026
199,20.0,0.0099,0.004,4.0,0.9974548144953682
200,1.0,0.011,0.007,4.0,0.960732841709197
201,1.0,0.0099,0.007,4.0,1.0114295403807307
202,2.0,0.011,0.007,4.0,0.9439335772615538
203,2.0,0.0099,0.007,4.0,1.0330976137377366
204,3.0,0.011,0.007,4.0,0.9971684576131085
205,3.0,0.0099,0.007,4.0,1.000770568422236
206,4.0,0.011,0.007,4.0,0.9952143782588894
207,4.0,0.0099,0.007,4.0,0.9844046732968751
208,5.0,0.011,0.007,4.0,0.9709553556326723
209,5.0,0.0099,0.007,4.0,0.9392731164873597
210,6.0,0.011,0.007,4.0,0.9915149126124575
211,6.0,0.0099,0.007,4.0,0.9565094789832559
212,7.0,0.011,0.007,4.0,0.9700760193232545
213,7.0,0.0099,0.007,4.0,0.9783978108993778
214,8.0,0.011,0.007,4.0,0.9927285064882378
215,8.0,0.0099,0.007,4.0,0.9369213085047678
216,9.0,0.011,0.007,4.0,0.9702067779295519
217,9.0,0.0099,0.007,4.0,0.9422110235550136
218,10.0,0.011,0.007,4.0,1.0026393265597093
219,10.0,0.0099,0.007,4.0,1.0002227659356033
220,11.0,0.011,0.007,4.0,1.0326181448423637
221,11.0,0.0099,0.007,4.0,1.0250295341269802
222,12.0,0.011,0.007,4.0,0.9933122135686109
223,12.0,0.0099,0.007,4.0,0.9780569916712898
224,13.0,0.011,0.007,4.0,1.0264750305692827
225,13.0,0.0099,0.007,4.0,0.9584139687108586
226,14.0,0.011,0.007,4.0,1.0487062168570565
227,14.0,0.0099,0.007,4.0,0.9739920216094863
228,15.0,0.011,0.007,4.0,0.9456684088192188
229,15.0,0.0099,0.007,4.0,0.9777199574915644
230,16.0,0.011,0.007,4.0,1.0142162437549815
231,16.0,0.0099,0.007,4.0,0.9983920216260104
232,17.0,0.011,0.007,4.0,1.0132189498168926
233,17.0,0.0099,0.007,4.0,1.0142020387387953
234,18.0,0.011,0.007,4.0,0.9589479467162187
235,18.0,0.0099,0.007,4.0,0.96720311083146
236,19.0,0.011,0.007,4.0,0.9927631698425362
237,19.0,0.0099,0.007,4.0,0.9957096486106103
238,20.0,0.011,0.007,4.0,1.0101063429755148
239,20.0,0.0099,0.007,4.0,0.9574451329645483
240,1.0,0.011,0.001,7.0,1.0443146458621593
241,1.0,0.0099,0.001,7.0,1.0413671732432723
242,2.0,0.011,0.001,7.0,1.0336734082483794
243,2.0,0.0099,0.001,7.0,1.046645105920913
244,3.0,0.011,0.001,7.0,1.0351271415006504
245,3.0,0.0099,0.001,7.0,1.026254897078394
246,4.0,0.011,0.001,7.0,1.0308379788888085
247,4.0,0.0099,0.001,7.0,1.0292070553057333
248,5.0,0.011,0.001,7.0,1.0339501241285376
249,5.0,0.0099,0.001,7.0,1.053352302770879
250,6.0,0.011,0.001,7.0,1.0328076983191805
251,6.0,0.0099,0.001,7.0,1.0382720753027375
252,7.0,0.011,0.001,7.0,1.0508956098517819
253,7.0,0.0099,0.001,7.0,1.0490485175787672
254,8.0,0.011,0.001,7.0,1.0430048282416071
255,8.0,0.0099,0.001,7.0,1.033229345476175
256,9.0,0.011,0.001,7.0,1.0428454621825876
257,9.0,0.0099,0.001,7.0,1.053462907911707
258,10.0,0.011,0.001,7.0,1.0404848418826391
259,10.0,0.0099,0.001,7.0,1.0414468420808827
260,11.0,0.011,0.001,7.0,1.0353959976741198
261,11.0,0.0099,0.001,7.0,1.0412478032946522
262,12.0,0.011,0.001,7.0,1.0244328204310131
263,12.0,0.0099,0.001,7.0,1.030198942258625
264,13.0,0.011,0.001,7.0,1.0542353770377928
265,13.0,0.0099,0.001,7.0,1.0273696167041815
266,14.0,0.011,0.001,7.0,1.0473397028596558
267,14.0,0.0099,0.001,7.0,1.0348780872252419
268,15.0,0.011,0.001,7.0,1.0448140845609701
269,15.0,0.0099,0.001,7.0,1.0345479540547808
270,16.0,0.011,0.001,7.0,1.0299390318986605
271,16.0,0.0099,0.001,7.0,1.0366908191979385
272,17.0,0.011,0.001,7.0,1.0381223131113155
273,17.0,0.0099,0.001,7.0,1.0231223014596582
274,18.0,0.011,0.001,7.0,1.029752923475945
275,18.0,0.0099,0.001,7.0,1.0326500668374834
276,19.0,0.011,0.001,7.0,1.0140079979653203
277,19.0,0.0099,0.001,7.0,1.04254567003155
278,20.0,0.011,0.001,7.0,1.0346276974827147
279,20.0,0.0099,0.001,7.0,1.0334978313643004
280,1.0,0.011,0.004,7.0,0.969638707449923
281,1.0,0.0099,0.004,7.0,0.9639470775116254
282,2.0,0.011,0.004,7.0,0.9991214239251277
283,2.0,0.0099,0.004,7.0,1.0447742393018118
284,3.0,0.011,0.004,7.0,1.0028927852978602
285,3.0,0.0099,0.004,7.0,1.023028978165171
286,4.0,0.011,0.004,7.0,1.0090342509666477
287,4.0,0.0099,0.004,7.0,0.9886887725125385
288,5.0,0.011,0.004,7.0,1.0123151960223333
289,5.0,0.0099,0.004,7.0,1.0228599722211151
290,6.0,0.011,0.004,7.0,1.009483493533089
291,6.0,0.0099,0.004,7.0,1.0494628815854554
292,7.0,0.011,0.004,7.0,0.9678461220154526
293,7.0,0.0099,0.004,7.0,1.0182256843682496
294,8.0,0.011,0.004,7.0,1.0366811716689732
295,8.0,0.0099,0.004,7.0,0.9937987563872921
296,9.0,0.011,0.004,7.0,0.9716906016868018
297,9.0,0.0099,0.004,7.0,1.0204348121018345
298,10.0,0.011,0.004,7.0,1.0231110096625278
299,10.0,0.0099,0.004,7.0,1.0220122444291926
300,11.0,0.011,0.004,7.0,1.0575522354150357
301,11.0,0.0099,0.004,7.0,0.98466318526377
302,12.0,0.011,0.004,7.0,1.007297879163994
303,12.0,0.0099,0.004,7.0,1.0229063527836078
304,13.0,0.011,0.004,7.0,0.9683288107353542
305,13.0,0.0099,0.004,7.0,1.0027020538445068
306,14.0,0.011,0.004,7.0,1.0215702353165748
307,14.0,0.0099,0.004,7.0,0.9729687395758727
308,15.0,0.011,0.004,7.0,1.0170148150884704
309,15.0,0.0099,0.004,7.0,0.9899018962722269
310,16.0,0.011,0.004,7.0,0.9974196455886315
311,16.0,0.0099,0.004,7.0,1.0061319802499775
312,17.0,0.011,0.004,7.0,1.045489331245287
313,17.0,0.0099,0.004,7.0,1.0307940603399035
314,18.0,0.011,0.004,7.0,0.9648647934853297
315,18.0,0.0099,0.004,7.0,1.022602135746424
316,19.0,0.011,0.004,7.0,0.9981443271808612
317,19.0,0.0099,0.004,7.0,0.9958849268156013
318,20.0,0.011,0.004,7.0,1.0004461477339794
319,20.0,0.0099,0.004,7.0,1.0300327586733886
320,1.0,0.011,0.007,7.0,0.9475319890698407
321,1.0,0.0099,0.007,7.0,1.0309007764168925
322,2.0,0.011,0.007,7.0,0.9630331873534159
323,2.0,0.0099,0.007,7.0,0.9677436232677409
324,3.0,0.011,0.007,7.0,0.9664142316614396
325,3.0,0.0099,0.007,7.0,0.9612928872552119
326,4.0,0.011,0.007,7.0,0.95356189962508
327,4.0,0.0099,0.007,7.0,1.0206878036682536
328,5.0,0.011,0.007,7.0,1.0489895603380066
329,5.0,0.0099,0.007,7.0,1.0230424436501904
330,6.0,0.011,0.007,7.0,0.9501411354212995
331,6.0,0.0099,0.007,7.0,0.9900857538856978
332,7.0,0.011,0.007,7.0,1.0520284386108756
333,7.0,0.0099,0.007,7.0,0.9925134789916421
334,8.0,0.011,0.007,7.0,1.023488237090085
335,8.0,0.0099,0.007,7.0,0.9932834498534551
336,9.0,0.011,0.007,7.0,0.9845342284690254
337,9.0,0.0099,0.007,7.0,1.0071217958134333
338,10.0,0.011,0.007,7.0,1.0493456376171677
339,10.0,0.0099,0.007,7.0,1.0127482704739061
340,11.0,0.011,0.007,7.0,0.9502371637445377
341,11.0,0.0099,0.007,7.0,0.9841221152408604
342,12.0,0.011,0.007,7.0,1.0535188108458091
343,12.0,0.0099,0.007,7.0,0.9595503929788949
344,13.0,0.011,0.007,7.0,0.9877184814487225
345,13.0,0.0099,0.007,7.0,1.0500508274711495
346,14.0,0.011,0.007,7.0,0.9711405563150968
347,14.0,0.0099,0.007,7.0,1.0256646471902293
348,15.0,0.011,0.007,7.0,1.03349845184818
349,15.0,0.0099,0.007,7.0,1.0088803874608303
350,16.0,0.011,0.007,7.0,1.0124891194184484
351,16.0,0.0099,0.007,7.0,0.9725582094694779
352,17.0,0.011,0.007,7.0,1.0133036410059395
353,17.0,0.0099,0.007,7.0,1.0172526934917236
354,18.0,0.011,0.007,7.0,1.0327916617011867
355,18.0,0.0099,0.007,7.0,0.9588608197735575
356,19.0,0.011,0.007,7.0,1.0177962923399515
357,19.0,0.0099,0.007,7.0,1.0273948380509141
358,20.0,0.011,0.007,7.0,0.9388897505407575
359,20.0,0.0099,0.007,7.0,0.9811980951846516
360,1.0,0.011,0.001,9.0,1.0313215406074439
361,1.0,0.0099,0.001,9.0,1.05747440964355
362,2.0,0.011,0.001,9.0,1.0514210172626153
363,2.0,0.0099,0.001,9.0,1.0228147524581852
364,3.0,0.011,0.001,9.0,1.05388749526755
365,3.0,0.0099,0.001,9.0,1.0401513903568222
366,4.0,0.011,0.001,9.0,1.049174476476493
367,4.0,0.0099,0.001,9.0,1.0533358837071325
368,5.0,0.011,0.001,9.0,1.0350815492027703
369,5.0,0.0099,0.001,9.0,1.031859696409447
370,6.0,0.011,0.001,9.0,1.0521827997063933
371,6.0,0.0099,0.001,9.0,1.034386131475019
372,7.0,0.011,0.001,9.0,1.054307066999445
373,7.0,0.0099,0.001,9.0,1.0289982306536167
374,8.0,0.011,0.001,9.0,1.0238550047699153
375,8.0,0.0099,0.001,9.0,1.0442739825593648
376,9.0,0.011,0.001,9.0,1.0303226594841062
377,9.0,0.0099,0.001,9.0,1.0310503020929216
378,10.0,0.011,0.001,9.0,1.042278849183681
379,10.0,0.0099,0.001,9.0,1.0425410376193716
380,11.0,0.011,0.001,9.0,1.0314893478051073
381,11.0,0.0099,0.001,9.0,1.0297902465859212
382,12.0,0.011,0.001,9.0,1.041606928614593
383,12.0,0.0099,0.001,9.0,1.0424799687435713
384,13.0,0.011,0.001,9.0,1.038190948156756
385,13.0,0.0099,0.001,9.0,1.0357979106974904
386,14.0,0.011,0.001,9.0,1.039521354757458
387,14.0,0.0099,0.001,9.0,1.0412001113553102
388,15.0,0.011,0.001,9.0,1.044521057121472
389,15.0,0.0099,0.001,9.0,1.034077823994735
390,16.0,0.011,0.001,9.0,1.0323117350816262
391,16.0,0.0099,0.001,9.0,1.0574621792519496
392,17.0,0.011,0.001,9.0,1.0284303013608587
393,17.0,0.0099,0.001,9.0,1.0182544934715259
394,18.0,0.011,0.001,9.0,1.0338157194507367
395,18.0,0.0099,0.001,9.0,1.0175832786186518
396,19.0,0.011,0.001,9.0,1.0265901321918713
397,19.0,0.0099,0.001,9.0,1.03731847209338
398,20.0,0.011,0.001,9.0,1.0348020873436963
399,20.0,0.0099,0.001,9.0,1.0545033336007628
400,1.0,0.011,0.004,9.0,1.0234490154963147
401,1.0,0.0099,0.004,9.0,0.9988894971091277
402,2.0,0.011,0.004,9.0,0.9803819979678775
403,2.0,0.0099,0.004,9.0,1.0260944936186622
404,3.0,0.011,0.004,9.0,0.9821635716349216
405,3.0,0.0099,0.004,9.0,1.0182722069262495
406,4.0,0.011,0.004,9.0,1.0492721369999805
407,4.0,0.0099,0.004,9.0,1.0495174735553003
408,5.0,0.011,0.004,9.0,0.9862556707367066
409,5.0,0.0099,0.004,9.0,1.009742452273445
410,6.0,0.011,0.004,9.0,1.0089390214671201
411,6.0,0.0099,0.004,9.0,1.0141714645919926
412,7.0,0.011,0.004,9.0,1.0158255024591614
413,7.0,0.0099,0.004,9.0,1.0225185139687953
414,8.0,0.011,0.004,9.0,0.9952293515888366
415,8.0,0.0099,0.004,9.0,0.9652540220819065
416,9.0,0.011,0.004,9.0,0.9963231612653445
417,9.0,0.0099,0.004,9.0,0.9864436153085885
418,10.0,0.011,0.004,9.0,0.9998910349227482
419,10.0,0.0099,0.004,9.0,1.011672208512185
420,11.0,0.011,0.004,9.0,1.0140857831603174
421,11.0,0.0099,0.004,9.0,0.9662527714424833
422,12.0,0.011,0.004,9.0,0.9931021272159162
423,12.0,0.0099,0.004,9.0,0.9952906319764075
424,13.0,0.011,0.004,9.0,1.0176756592214502
425,13.0,0.0099,0.004,9.0,1.0207024187560745
426,14.0,0.011,0.004,9.0,0.9767838070443885
427,14.0,0.0099,0.004,9.0,0.99088265849748
428,15.0,0.011,0.004,9.0,0.9535543668682115
429,15.0,0.0099,0.004,9.0,1.02810096131792
430,16.0,0.011,0.004,9.0,0.9930870912751767
431,16.0,0.0099,0.004,9.0,1.0085129965126456
432,17.0,0.011,0.004,9.0,1.0487438863782514
433,17.0,0.0099,0.004,9.0,0.972413225232949
434,18.0,0.011,0.004,9.0,1.0272579411706888
435,18.0,0.0099,0.004,9.0,1.0165426138314535
436,19.0,0.011,0.004,9.0,0.9842669339446309
437,19.0,0.0099,0.004,9.0,1.058237634823271
438,20.0,0.011,0.004,9.0,1.0185111360834598
439,20.0,0.0099,0.004,9.0,1.0450157277181085
440,1.0,0.011,0.007,9.0,0.9864106294562057
441,1.0,0.0099,0.007,9.0,1.0151704674131785
442,2.0,0.011,0.007,9.0,0.9635535796059832
443,2.0,0.0099,0.007,9.0,0.999205913091302
444,3.0,0.011,0.007,9.0,1.0184583088174588
445,3.0,0.0099,0.007,9.0,0.9537587444220007
446,4.0,0.011,0.007,9.0,0.9835541737635175
447,4.0,0.0099,0.007,9.0,0.973449894931639
448,5.0,0.011,0.007,9.0,1.0017708349116037
449,5.0,0.0099,0.007,9.0,0.9821047454699315
450,6.0,0.011,0.007,9.0,0.9981103152560102
451,6.0,0.0099,0.007,9.0,1.021949132565596
452,7.0,0.011,0.007,9.0,0.9917339594372551
453,7.0,0.0099,0.007,9.0,1.042512514911922
454,8.0,0.011,0.007,9.0,0.9754695022193952
455,8.0,0.0099,0.007,9.0,1.042973963411298
456,9.0,0.011,0.007,9.0,0.9758526414512365
457,9.0,0.0099,0.007,9.0,0.9407573116709813
458,10.0,0.011,0.007,9.0,0.9946205773612746
459,10.0,0.0099,0.007,9.0,1.0185442857525409
460,11.0,0.011,0.007,9.0,1.0275265192972682
461,11.0,0.0099,0.007,9.0,1.0056614617784885
462,12.0,0.011,0.007,9.0,0.9812993575672014
463,12.0,0.0099,0.007,9.0,0.980407044811976
464,13.0,0.011,0.007,9.0,0.9826818267317784
465,13.0,0.0099,0.007,9.0,0.935390918099424
466,14.0,0.011,0.007,9.0,0.9928402110462058
467,14.0,0.0099,0.007,9.0,1.0012958650778496
468,15.0,0.011,0.007,9.0,0.9776657541107354
469,15.0,0.0099,0.007,9.0,0.9886595788369813
470,16.0,0.011,0.007,9.0,0.9749930639557514
471,16.0,0.0099,0.007,9.0,1.0167065998150697
472,17.0,0.011,0.007,9.0,0.9462404236370001
473,17.0,0.0099,0.007,9.0,1.024142874334862
474,18.0,0.011,0.007,9.0,0.9913751619803739
475,18.0,0.0099,0.007,9.0,0.9499195865895853
476,19.0,0.011,0.007,9.0,0.9987983441264066
477,19.0,0.0099,0.007,9.0,0.9752103599528763
478,20.0,0.011,0.007,9.0,1.023796427968438
479,20.0,0.0099,0.007,9.0,0.9527892718719654
480,1.0,0.011,0.001,16.0,1.0297597575134148
481,1.0,0.0099,0.001,16.0,1.0315025828646862
482,2.0,0.011,0.001,16.0,1.0314364296492442
483,2.0,0.0099,0.001,16.0,1.0431344077561286
484,3.0,0.011,0.001,16.0,1.0326581709032112
485,3.0,0.0099,0.001,16.0,1.0325805855836874
486,4.0,0.011,0.001,16.0,1.0303336358059423
487,4.0,0.0099,0.001,16.0,1.0494252251851226
488,5.0,0.011,0.001,16.0,1.0349754554547377
489,5.0,0.0099,0.001,16.0,1.0400186004732308
490,6.0,0.011,0.001,16.0,1.035461810789033
491,6.0,0.0099,0.001,16.0,1.0490184339684527
492,7.0,0.011,0.001,16.0,1.0556384619328787
493,7.0,0.0099,0.001,16.0,1.0480232007316335
494,8.0,0.011,0.001,16.0,1.0470097238323413
495,8.0,0.0099,0.001,16.0,1.0290692181569745
496,9.0,0.011,0.001,16.0,1.0431434882901005
497,9.0,0.0099,0.001,16.0,1.0389146477765838
498,10.0,0.011,0.001,16.0,1.0445901068791312
499,10.0,0.0099,0.001,16.0,1.0403635999459104
500,11.0,0.011,0.001,16.0,1.0486091473750798
501,11.0,0.0099,0.001,16.0,1.0345691349757924
502,12.0,0.011,0.001,16.0,1.0386311291657355
503,12.0,0.0099,0.001,16.0,1.045141541601235
504,13.0,0.011,0.001,16.0,1.0327923906909513
505,13.0,0.0099,0.001,16.0,1.0347729696141905
506,14.0,0.011,0.001,16.0,1.0295949148881334
507,14.0,0.0099,0.001,16.0,1.0482077750868346
508,15.0,0.011,0.001,16.0,1.0359797350485773
509,15.0,0.0099,0.001,16.0,1.0419758609095322
510,16.0,0.011,0.001,16.0,1.035454507950284
511,16.0,0.0099,0.001,16.0,1.0309715008802098
512,17.0,0.011,0.001,16.0,1.0538628878918823
513,17.0,0.0099,0.001,16.0,1.0417150588352528
514,18.0,0.011,0.001,16.0,1.0496894109843224
515,18.0,0.0099,0.001,16.0,1.0349240889345057
516,19.0,0.011,0.001,16.0,1.0353915371107867
517,19.0,0.0099,0.001,16.0,1.0292134461491982
518,20.0,0.011,0.001,16.0,1.046928762153064
519,20.0,0.0099,0.001,16.0,1.056434827411505
520,1.0,0.011,0.004,16.0,1.0097172144726598
521,1.0,0.0099,0.004,16.0,0.9920868498091683
522,2.0,0.011,0.004,16.0,1.0098220838863048
523,2.0,0.0099,0.004,16.0,1.0285783908263024
524,3.0,0.011,0.004,16.0,1.00277023073624
525,3.0,0.0099,0.004,16.0,1.0197283187665873
526,4.0,0.011,0.004,16.0,1.0464442752096879
527,4.0,0.0099,0.004,16.0,1.0056285949278605
528,5.0,0.011,0.004,16.0,1.0060010006168663
529,5.0,0.0099,0.004,16.0,1.024420011049668
530,6.0,0.011,0.004,16.0,1.0361408439646118
531,6.0,0.0099,0.004,16.0,0.9683154255413554
532,7.0,0.011,0.004,16.0,1.0235238234805868
533,7.0,0.0099,0.004,16.0,1.047983972436291
534,8.0,0.011,0.004,16.0,0.9775379446988964
535,8.0,0.0099,0.004,16.0,0.9838985413728184
536,9.0,0.011,0.004,16.0,1.0202122494620323
537,9.0,0.0099,0.004,16.0,1.0383056830299051
538,10.0,0.011,0.004,16.0,1.0161814535735378
539,10.0,0.0099,0.004,16.0,1.0415132603195234
540,11.0,0.011,0.004,16.0,1.030779458704599
541,11.0,0.0099,0.004,16.0,1.02874378178678
542,12.0,0.011,0.004,16.0,1.0489375358296078
543,12.0,0.0099,0.004,16.0,1.0257648650310596
544,13.0,0.011,0.004,16.0,1.0335158410689482
545,13.0,0.0099,0.004,16.0,0.9694099611113471
546,14.0,0.011,0.004,16.0,1.0208789874313862
547,14.0,0.0099,0.004,16.0,1.0194104764353855
548,15.0,0.011,0.004,16.0,1.0361918077992347
549,15.0,0.0099,0.004,16.0,1.047148601781773
550,16.0,0.011,0.004,16.0,1.0101610986324256
551,16.0,0.0099,0.004,16.0,1.0164888413848037
552,17.0,0.011,0.004,16.0,1.0218195121304157
553,17.0,0.0099,0.004,16.0,1.0388989738816414
554,18.0,0.011,0.004,16.0,1.0079741058314755
555,18.0,0.0099,0.004,16.0,1.0354303386596997
556,19.0,0.011,0.004,16.0,1.0356567500230656
557,19.0,0.0099,0.004,16.0,1.0564407903573203
558,20.0,0.011,0.004,16.0,1.0167804863953942
559,20.0,0.0099,0.004,16.0,0.9934353705612621
560,1.0,0.011,0.007,16.0,0.9837061101086615
561,1.0,0.0099,0.007,16.0,0.9986065182802721
562,2.0,0.011,0.007,16.0,0.9880615440404601
563,2.0,0.0099,0.007,16.0,0.9843688702638145
564,3.0,0.011,0.007,16.0,1.0107042166496814
565,3.0,0.0099,0.007,16.0,0.9784272975638455
566,4.0,0.011,0.007,16.0,0.9669719994704912
567,4.0,0.0099,0.007,16.0,1.0092589868990685
568,5.0,0.011,0.007,16.0,0.9762335479680367
569,5.0,0.0099,0.007,16.0,0.9797691914270551
570,6.0,0.011,0.007,16.0,0.955901572438981
571,6.0,0.0099,0.007,16.0,1.0222519346469008
572,7.0,0.011,0.007,16.0,1.035078390861215
573,7.0,0.0099,0.007,16.0,1.0195310880535466
574,8.0,0.011,0.007,16.0,0.9919851501876791
575,8.0,0.0099,0.007,16.0,0.9875037432834641
576,9.0,0.011,0.007,16.0,1.0282359213489056
577,9.0,0.0099,0.007,16.0,0.9812461941309962
578,10.0,0.011,0.007,16.0,0.9833410025678776
579,10.0,0.0099,0.007,16.0,0.9795634579040043
580,11.0,0.011,0.007,16.0,1.0365546569257273
581,11.0,0.0099,0.007,16.0,1.030243484808372
582,12.0,0.011,0.007,16.0,1.0006475257003515
583,12.0,0.0099,0.007,16.0,1.0068801206889506
584,13.0,0.011,0.007,16.0,1.0325814960090587
585,13.0,0.0099,0.007,16.0,1.0426226931056082
586,14.0,0.011,0.007,16.0,0.9838572492454146
587,14.0,0.0099,0.007,16.0,0.9930609731977138
588,15.0,0.011,0.007,16.0,1.0623212289873194
589,15.0,0.0099,0.007,16.0,1.0317696864709318
590,16.0,0.011,0.007,16.0,1.0118864533486824
591,16.0,0.0099,0.007,16.0,0.9767733582456888
592,17.0,0.011,0.007,16.0,1.016041703833802
593,17.0,0.0099,0.007,16.0,0.9727293264627724
594,18.0,0.011,0.007,16.0,0.9518236021728029
595,18.0,0.0099,0.007,16.0,1.0488882493450664
596,19.0,0.011,0.007,16.0,0.9995530552872978
597,19.0,0.0099,0.007,16.0,1.0459272574896001
598,20.0,0.011,0.007,16.0,1.0209681304859406
599,20.0,0.0099,0.007,16.0,0.9965562669554429
